{
  "Main" : {
    "uid" : {
      "type" : "UID",
      "config" : {
        "label" : "Slug",
        "placeholder" : "URL slug"
      }
    },
    "name" : {
      "type" : "StructuredText",
      "config" : {
        "single" : "heading1",
        "label" : "Name",
        "placeholder" : "Company name"
      }
    },
    "logo" : {
      "type" : "Image",
      "config" : {
        "constraint" : {
          "width" : 128,
          "height" : 134
        },
        "thumbnails" : [ ],
        "label" : "Logo"
      }
    },
    "website" : {
      "type" : "Link",
      "config" : {
        "label" : "Website",
        "select" : "web",
        "placeholder" : "Company website"
      }
    },
    "card_image" : {
      "type" : "Image",
      "config" : {
        "constraint" : { },
        "thumbnails" : [ ],
        "label" : "Card Image"
      }
    },
    "description" : {
      "type" : "StructuredText",
      "config" : {
        "multi" : "paragraph",
        "label" : "Description",
        "placeholder" : "Description"
      }
    },
    "call_to_action" : {
      "type" : "StructuredText",
      "config" : {
        "single" : "paragraph",
        "label" : "Call To Action",
        "placeholder" : "CTA label"
      }
    },
    "call_to_action_link" : {
      "type" : "Link",
      "config" : {
        "label" : "Call To Action Link",
        "select" : "web",
        "placeholder" : "CTA link"
      }
    },
    "discord" : {
      "type" : "Link",
      "config" : {
        "label" : "Discord",
        "select" : "web",
        "placeholder" : "Discord link"
      }
    },
    "tier" : {
      "type" : "Select",
      "config" : {
        "options" : [ "gold", "diamond" ],
        "label" : "Tier",
        "placeholder" : "Tier"
      }
    },
    "tier_rank" : {
      "type" : "Number",
      "config" : {
        "label" : "Tier Rank"
      }
    },
    "links" : {
      "type" : "Group",
      "config" : {
        "fields" : {
          "link_text" : {
            "type" : "Text",
            "config" : {
              "label" : "Link Text",
              "placeholder" : "Link label"
            }
          },
          "link" : {
            "type" : "Link",
            "config" : {
              "label" : "Link",
              "select" : "web",
              "placeholder" : "Link"
            }
          }
        },
        "label" : "Links"
      }
    },
    "youtube_slug" : {
      "type" : "Text",
      "config" : {
        "label" : "Youtube Slug",
        "placeholder" : "YouTube slug"
      }
    }
  }
}