{
  "Main" : {
    "title" : {
      "type" : "StructuredText",
      "config" : {
        "single" : "heading1",
        "label" : "Title",
        "placeholder" : "Job title"
      }
    },
    "company_name" : {
      "type" : "StructuredText",
      "config" : {
        "single" : "heading4",
        "label" : "Company Name",
        "placeholder" : "Company name"
      }
    },
    "description" : {
      "type" : "StructuredText",
      "config" : {
        "multi" : "paragraph",
        "label" : "Description",
        "placeholder" : "Job description"
      }
    },
    "link" : {
      "type" : "Link",
      "config" : {
        "label" : "Link",
        "select" : "web"
      }
    },
    "discord" : {
      "type" : "Link",
      "config" : {
        "label" : "Discord",
        "select" : "web"
      }
    },
    "rank" : {
      "type" : "Number",
      "config" : {
        "label" : "Rank"
      }
    }
  }
}