{
  "Main" : {
    "uid" : {
      "type" : "UID",
      "config" : {
        "label" : "Slug",
        "placeholder" : "URL slug"
      }
    },
    "name" : {
      "type" : "StructuredText",
      "config" : {
        "single" : "heading1",
        "label" : "Name",
        "placeholder" : "Speaker's name"
      }
    },
    "image" : {
      "type" : "Image",
      "config" : {
        "constraint" : {
          "width" : 300,
          "height" : 400
        },
        "thumbnails" : [ ],
        "label" : "Image"
      }
    },
    "title" : {
      "type" : "StructuredText",
      "config" : {
        "single" : "heading4",
        "label" : "Title",
        "placeholder" : "Role"
      }
    },
    "company" : {
      "type" : "StructuredText",
      "config" : {
        "single" : "heading4",
        "label" : "Company",
        "placeholder" : "Company"
      }
    },
    "bio" : {
      "type" : "StructuredText",
      "config" : {
        "single" : "paragraph",
        "label" : "Bio",
        "placeholder" : "Bio"
      }
    },
    "twitter" : {
      "type" : "Link",
      "config" : {
        "label" : "Twitter",
        "select" : "web",
        "placeholder" : "Twitter profile URL"
      }
    },
    "github" : {
      "type" : "Link",
      "config" : {
        "label" : "Github",
        "select" : "web",
        "placeholder" : "GitHub profile URL"
      }
    },
    "talk" : {
      "type" : "Link",
      "config" : {
        "select" : "document",
        "customtypes" : [ "talk" ],
        "label" : "Talk"
      }
    }
  }
}