{"name":[{"type":"heading1","content":{"text":"Manas Kerman","spans":[]}}],"bio":[{"type":"paragraph","content":{"text":"They have over ten years of experience building blazing-fast web applications with Next.js and Vercel. Outside of work, they enjoy hiking, skiing, and surfing. Before becoming a developer, they worked in finance for a Fortune 500 company.","spans":[]}}],"uid":"manas","title":[{"type":"heading4","content":{"text":"CFO","spans":[]}}],"twitter":{"url":"https://twitter.com/vercel","preview":null},"github":{"url":"https://github.com/vercel","preview":null},"company":[{"type":"heading4","content":{"text":"Company","spans":[]}}],"talk":{"id":"X9kEwBIAACcA5ydY","wioUrl":"wio://documents/X9kEwBIAACcA5ydY"},"image":{"origin":{"id":"X9iy6xIAACkA5bGc","url":"https://prismic-io.s3.amazonaws.com/nextjs-conference/6f3474a1-5525-41e7-a3fd-76918d36e251_image+%2822%29.jpeg","width":300,"height":400},"provider":"imgix","url":"https://images.prismic.io/nextjs-conference/6f3474a1-5525-41e7-a3fd-76918d36e251_image+%2822%29.jpeg?auto=compress,format&rect=0,0,300,400&w=300&h=400","alt":null,"credits":null,"width":300,"height":400,"edit":{"zoom":1,"crop":{"x":0,"y":0},"background":"#fff"},"thumbnails":{}},"name_TYPE":"StructuredText","name_POSITION":0,"bio_TYPE":"StructuredText","bio_POSITION":1,"uid_TYPE":"UID","uid_POSITION":2,"title_TYPE":"StructuredText","title_POSITION":3,"twitter_TYPE":"Link","twitter_POSITION":4,"github_TYPE":"Link","github_POSITION":5,"company_TYPE":"StructuredText","company_POSITION":6,"image_TYPE":"Image","image_POSITION":7,"talk_TYPE":"Link","talk_POSITION":8,"slugs_INTERNAL":["manas-kerman","cfo"],"uids_INTERNAL":["manas"]}