{"name":[{"type":"heading1","content":{"text":"Lothaire Darius","spans":[]}}],"bio":[{"type":"paragraph","content":{"text":"They have over ten years of experience building blazing-fast web applications with Next.js and Vercel. Outside of work, they enjoy hiking, skiing, and surfing. Before becoming a developer, they worked in finance for a Fortune 500 company.","spans":[]}}],"uid":"lothaire","title":[{"type":"heading4","content":{"text":"Software Developer","spans":[]}}],"twitter":{"url":"https://twitter.com/vercel","preview":null},"github":{"url":"https://github.com/vercel","preview":null},"company":[{"type":"heading4","content":{"text":"Company","spans":[]}}],"image":{"origin":{"id":"X9iy6xIAACcA5bGX","url":"https://prismic-io.s3.amazonaws.com/nextjs-conference/0103a5a0-d3a3-4ed0-aece-1e3476ba055b_image+%2825%29.jpeg","width":300,"height":400},"width":300,"height":400,"url":"https://images.prismic.io/nextjs-conference/0103a5a0-d3a3-4ed0-aece-1e3476ba055b_image+%2825%29.jpeg?auto=compress,format","edit":{"background":"#fff","zoom":1,"crop":{"x":0,"y":0}},"credits":null,"alt":"Lothaire Darius","provider":"imgix","thumbnails":{}},"talk":{"id":"X9j2tRIAACgA5uZq","wioUrl":"wio://documents/X9j2tRIAACgA5uZq"},"name_TYPE":"StructuredText","name_POSITION":0,"bio_TYPE":"StructuredText","bio_POSITION":1,"uid_TYPE":"UID","uid_POSITION":2,"title_TYPE":"StructuredText","title_POSITION":3,"twitter_TYPE":"Link","twitter_POSITION":4,"github_TYPE":"Link","github_POSITION":5,"company_TYPE":"StructuredText","company_POSITION":6,"image_TYPE":"Image","image_POSITION":7,"talk_TYPE":"Link","talk_POSITION":8,"slugs_INTERNAL":["lothaire-darius"],"uids_INTERNAL":[]}