{"company_name":[{"type":"heading4","content":{"text":"Vercel","spans":[]}}],"title":[{"type":"heading1","content":{"text":"Security Lead","spans":[]}}],"description":[{"type":"paragraph","content":{"text":"The Security Lead at Vercel will work closely with engineering and product teams to ensure that security is top-priority in all of our work. The role will also require designing and implementing technical controls to enforce strong security guarantees by default, as well as supporting audits for certification and compliance programs, such as SOC 2, GDPR, and ISO 27001.","spans":[]}}],"link":{"url":"https://vercel.com/careers","preview":null},"discord":{"url":"https://discord.gg/d5VXPqV","preview":null},"rank":"1","company_name_TYPE":"StructuredText","company_name_POSITION":0,"title_TYPE":"StructuredText","title_POSITION":1,"description_TYPE":"StructuredText","description_POSITION":2,"link_TYPE":"Link","link_POSITION":3,"discord_TYPE":"Link","discord_POSITION":4,"rank_TYPE":"Number","rank_POSITION":5,"slugs_INTERNAL":["security-lead","vercel"],"uids_INTERNAL":[]}