{"companyName":[{"type":"heading4","content":{"text":"Vercel","spans":[]}}],"title":[{"type":"heading1","content":{"text":"Account Executive / Sr. Account Executive","spans":[]}}],"description":[{"type":"paragraph","content":{"text":"Vercel's sales team is full of bright, hardworking Account Executives who are helping us create a new category. Vercel's sales team is deeply technical and spans a range of business functions (developers, operations, marketing, product, IT).","spans":[]}}],"link":{"url":"https://vercel.com/careers","preview":null},"discord":{"url":"https://discord.gg/d5VXPqV","preview":null},"rank":"1","company_name":[{"type":"heading4","content":{"text":"Vercel","spans":[]}}],"companyName_TYPE":"StructuredText","companyName_POSITION":0,"company_name_TYPE":"StructuredText","company_name_POSITION":1,"title_TYPE":"StructuredText","title_POSITION":2,"description_TYPE":"StructuredText","description_POSITION":3,"link_TYPE":"Link","link_POSITION":4,"discord_TYPE":"Link","discord_POSITION":5,"rank_TYPE":"Number","rank_POSITION":6,"slugs_INTERNAL":["account-executive--sr.-account-executive"],"uids_INTERNAL":[]}