{"title":[{"type":"heading1","content":{"text":"Will React Survive in 2030?","spans":[]}}],"speakers":[{"speaker":{"id":"X9jMkBIAACcA5iF1","wioUrl":"wio://documents/X9jMkBIAACcA5iF1"}}],"start":"2020-10-27T19:30:00+00:00","end":"2020-10-27T20:10:00+00:00","description":[{"type":"paragraph","content":{"text":"In this talk, you'll learn how Next.js and Vercel help transform the workflow of front-end developers. Hear about the latest developments with Next.js 10 and deploy your application with one click to Vercel.","spans":[]}}],"title_TYPE":"StructuredText","title_POSITION":0,"speakers_TYPE":"Group","speakers_POSITION":1,"speakers.speaker_TYPE":"Link","speakers.speaker_POSITION":2,"start_TYPE":"Timestamp","start_POSITION":3,"end_TYPE":"Timestamp","end_POSITION":4,"description_TYPE":"StructuredText","description_POSITION":5,"slugs_INTERNAL":["will-react-survive-in-2030"],"uids_INTERNAL":[]}