{"title":[{"type":"heading1","content":{"text":"Using the Next.js Image Component","spans":[]}}],"speakers":[{"speaker":{"id":"X9ivfhIAACYA5aDq","wioUrl":"wio://documents/X9ivfhIAACYA5aDq"}}],"start":"2020-10-27T17:30:00+00:00","end":"2020-10-27T18:10:00+00:00","description":[{"type":"paragraph","content":{"text":"In this talk, you'll learn how Next.js and Vercel help transform the workflow of front-end developers. Hear about the latest developments with Next.js 10 and deploy your application with one click to Vercel.","spans":[]}}],"title_TYPE":"StructuredText","title_POSITION":0,"speakers_TYPE":"Group","speakers_POSITION":1,"speakers.speaker_TYPE":"Link","speakers.speaker_POSITION":2,"start_TYPE":"Timestamp","start_POSITION":3,"end_TYPE":"Timestamp","end_POSITION":4,"description_TYPE":"StructuredText","description_POSITION":5,"slugs_INTERNAL":["using-the-next.js-image-component"],"uids_INTERNAL":[]}