{"schedule":[{"talk":{"id":"X9kEExIAACcA5yQ_","wioUrl":"wio://documents/X9kEExIAACcA5yQ_"}},{"talk":{"id":"X9kEwBIAACcA5ydY","wioUrl":"wio://documents/X9kEwBIAACcA5ydY"}},{"talk":{"id":"X9kFDxIAACkA5yi4","wioUrl":"wio://documents/X9kFDxIAACkA5yi4"}},{"talk":{"id":"X9j8vRIAACgA5wJP","wioUrl":"wio://documents/X9j8vRIAACgA5wJP"}},{"talk":{"id":"X9kFeRIAACgA5yqX","wioUrl":"wio://documents/X9kFeRIAACgA5yqX"}},{"talk":{"id":"X9kHdBIAACcA5zOI","wioUrl":"wio://documents/X9kHdBIAACcA5zOI"}},{"talk":{"id":"X9kHDBIAACcA5zGs","wioUrl":"wio://documents/X9kHDBIAACcA5zGs"}},{"talk":{"id":"X9kGsxIAACgA5zAR","wioUrl":"wio://documents/X9kGsxIAACgA5zAR"}}],"name":[{"type":"heading1","content":{"text":"Stage E","spans":[]}}],"uid":"e","stream":{"url":"https://www.youtube.com/embed/1-NzQ9ObsfM"},"discord":{"url":"https://discord.com"},"name_TYPE":"StructuredText","name_POSITION":0,"uid_TYPE":"UID","uid_POSITION":1,"stream_TYPE":"Link","stream_POSITION":2,"discord_TYPE":"Link","discord_POSITION":3,"schedule_TYPE":"Group","schedule_POSITION":4,"schedule.talk_TYPE":"Link","schedule.talk_POSITION":5,"slugs_INTERNAL":["stage-e"],"uids_INTERNAL":[]}