{"name":[{"type":"heading1","content":{"text":"Stage A","spans":[]}}],"uid":"a","stream":{"url":"https://www.youtube.com/embed/1-NzQ9ObsfM","preview":null},"discord":{"url":"https://discord.com","preview":null},"schedule":[{"talk":{"id":"X9kEExIAACcA5yQ_","wioUrl":"wio://documents/X9kEExIAACcA5yQ_"}},{"talk":{"id":"X9jiORIAACgA5odb","wioUrl":"wio://documents/X9jiORIAACgA5odb"}},{"talk":{"id":"X9jddRIAACcA5nEu","wioUrl":"wio://documents/X9jddRIAACcA5nEu"}},{"talk":{"id":"X9jWmRIAACYA5lBt","wioUrl":"wio://documents/X9jWmRIAACYA5lBt"}},{"talk":{"id":"X9jVQxIAACgA5kpB","wioUrl":"wio://documents/X9jVQxIAACgA5kpB"}}],"name_TYPE":"StructuredText","name_POSITION":0,"uid_TYPE":"UID","uid_POSITION":1,"stream_TYPE":"Link","stream_POSITION":2,"discord_TYPE":"Link","discord_POSITION":3,"schedule_TYPE":"Group","schedule_POSITION":4,"schedule.talk_TYPE":"Link","schedule.talk_POSITION":5,"slugs_INTERNAL":["stage-a","a"],"uids_INTERNAL":["a"]}