{"schedule":[{"talk":{"id":"X9kEExIAACcA5yQ_","wioUrl":"wio://documents/X9kEExIAACcA5yQ_"}},{"talk":{"id":"X9jw3hIAACkA5stx","wioUrl":"wio://documents/X9jw3hIAACkA5stx"}},{"talk":{"id":"X9jsWRIAACgA5rYy","wioUrl":"wio://documents/X9jsWRIAACgA5rYy"}},{"talk":{"id":"X9jmGxIAACkA5plN","wioUrl":"wio://documents/X9jmGxIAACkA5plN"}},{"talk":{"id":"X9jrThIAACkA5rFj","wioUrl":"wio://documents/X9jrThIAACkA5rFj"}},{"talk":{"id":"X9jpoRIAACcA5qmT","wioUrl":"wio://documents/X9jpoRIAACcA5qmT"}},{"talk":{"id":"X9joshIAACgA5qVC","wioUrl":"wio://documents/X9joshIAACgA5qVC"}},{"talk":{"id":"X9jmoBIAACcA5pu4","wioUrl":"wio://documents/X9jmoBIAACcA5pu4"}}],"name":[{"type":"heading1","content":{"text":"Stage C","spans":[]}}],"uid":"c","stream":{"url":"https://www.youtube.com/embed/1-NzQ9ObsfM"},"discord":{"url":"https://discord.com"},"name_TYPE":"StructuredText","name_POSITION":0,"uid_TYPE":"UID","uid_POSITION":1,"stream_TYPE":"Link","stream_POSITION":2,"discord_TYPE":"Link","discord_POSITION":3,"schedule_TYPE":"Group","schedule_POSITION":4,"schedule.talk_TYPE":"Link","schedule.talk_POSITION":5,"slugs_INTERNAL":["stage-c"],"uids_INTERNAL":[]}